﻿Designator,Footprint,Quantity,Value,LCSC Part #
"12V1, AStatus, BStatus, CStatus",0805,4,Green,
C1,0805,1,10u,
D1,D_SOD-323,1,SD12_SOD323,
"D2, D3, D4",DO-221AC,3,VSSAF522,
"H1, H2, H3, H4",MountingHole_3mm,4,M3,
J1,Molex_Micro-Fit_3.0_43650-0215_1x02_P3.00mm_Vertical,1,PowerConn,
J10,Molex_Micro-Fit_3.0_43650-0215_1x02_P3.00mm_Vertical,1,FanConn3,
J11,Molex_Micro-Fit_3.0_43650-0215_1x02_P3.00mm_Vertical,1,FanConn4,
J2,Molex_Micro-Fit_3.0_43650-0215_1x02_P3.00mm_Vertical,1,DashboardConnA,
J3,Molex_Micro-Fit_3.0_43650-0215_1x02_P3.00mm_Vertical,1,ContactorAConn,
J4,Molex_Micro-Fit_3.0_43650-0215_1x02_P3.00mm_Vertical,1,DashboardConnB,
J5,Molex_Micro-Fit_3.0_43650-0215_1x02_P3.00mm_Vertical,1,ContactorBConn,
J6,Molex_Micro-Fit_3.0_43650-0215_1x02_P3.00mm_Vertical,1,DashboardConnC,
J7,Molex_Micro-Fit_3.0_43650-0215_1x02_P3.00mm_Vertical,1,ContactorCConn,
J8,Molex_Micro-Fit_3.0_43650-0215_1x02_P3.00mm_Vertical,1,FanConn1,
J9,Molex_Micro-Fit_3.0_43650-0215_1x02_P3.00mm_Vertical,1,FanConn2,
Q1,SOT-23,1,NDS356AP-VB,
"Q2, Q3, Q4",SOT-23,3,IRLML0030TRPbF,
"R1, R3, R5, R6",0805,4,10k,
"R2, R4, R7, R8",0805,4,100k,
TP1,TestPoint_Keystone_5005-5009_Compact,1,12V_UNISO,
TP2,TestPoint_Keystone_5005-5009_Compact,1,GND,
Z1,BZT52B12QX,1,BZT52-B12-QX,
