Designator,Footprint,Quantity,Value,LCSC Part #
"C1, C3",0805,2,10u,
C2,0805,1,2.2n,
"C4, C7",0805,2,.1u,
C6,0805,1,1u,
D1,D_SOD-323,1,SD12_SOD323,
"D2, D4",0805,2,Green,
D3,V2F22HM,1,V2F22HM3/H,
"FB1, FB2",0805,2,FerriteBead_Small,
"H1, H2",MountingHole_3.2mm_M3,2,M4,
"H3, H4, H5, H6, H7",MountingHole_3mm,5,M3,
J1,Molex_Micro-Fit_3.0_43650-0200_1x02_P3.00mm_Horizontal,1,PowerConn,
J2,Molex_Micro-Fit_3.0_43650-0200_1x02_P3.00mm_Horizontal,1,DashboardConn,
J3,Molex_MicroFit3.0_1x4xP3.00mm_PolarizingPeg_Vertical,1,ContactorConn,
J4,PhoenixContact_PowerCombicon5_GF_2x7.62mm,1,PrechargeResistorConn,
"J5, J6",SolderWirePad_1x01_Drill2mm,2,PrechargeResistor,
PRCHRG_HH,TestPoint_Keystone_5005-5009_Compact,1,PRCHRG_HH,
"Q1, Q3",TO-252-2,2,CSD18511KTT,
Q2,SO-8_5.3x6.2mm_P1.27mm,1,PMOS,
"R1, R5",0805,2,10k,
"R2, R3",0805,2,100k,
R4,0805,1,2.2k,
TP1,TestPoint_Keystone_5005-5009_Compact,1,12V_UNISO,
TP2,TestPoint_Keystone_5005-5009_Compact,1,GND_UNISO,
U1,RI3_DC_Converter,1,RI3-1212S,
U2,SOT-363_SC-70-6,1,INA215,
